{
  "Aberdeen": "AB",
  "Milltimber": "AB",
  "Peterculter": "AB",
  "Laurencekirk": "AB",
  "Banchory": "AB",
  "Westhill": "AB",
  "Alford": "AB",
  "Aboyne": "AB",
  "Ballater": "AB",
  "Strathdon": "AB",
  "Ballindalloch": "AB",
  "Aberlour": "AB",
  "Stonehaven": "AB",
  "Ellon": "AB",
  "Peterhead": "AB",
  "Fraserburgh": "AB",
  "Macduff": "AB",
  "Banff": "AB",
  "Inverurie": "AB",
  "Insch": "AB",
  "Turriff": "AB",
  "Huntly": "AB",
  "Keith": "AB",
  "Buckie": "AB",
  "St Albans": "AL",
  "Harpenden": "AL",
  "Welwyn": "AL",
  "Welwyn Garden City": "AL",
  "Hatfield": "AL",
  "Birmingham": "B",
  "Alcester": "B",
  "Bromsgrove": "B",
  "Halesowen": "B",
  "Cradley Heath": "B",
  "Rowley Regis": "B",
  "Smethwick": "B",
  "Oldbury": "B",
  "West Bromwich": "B",
  "Sutton Coldfield": "B",
  "Tamworth": "B",
  "Studley": "B",
  "Solihull": "B",
  "Henley-in-Arden": "B",
  "Redditch": "B",
  "Bath": "BA",
  "Bruton": "BA",
  "Frome": "BA",
  "Warminster": "BA",
  "Westbury": "BA",
  "Trowbridge": "BA",
  "Bradford-on-Avon": "BA",
  "Street": "BA",
  "Yeovil": "BA",
  "Radstock": "BA",
  "Shepton Mallet": "BA",
  "Wells": "BA",
  "Glastonbury": "BA",
  "Castle Cary": "BA",
  "Templecombe": "BA",
  "Wincanton": "BA",
  "Blackburn": "BB",
  "Burnley": "BB",
  "Barnoldswick": "BB",
  "Darwen": "BB",
  "Rossendale": "BB",
  "Accrington": "BB",
  "Clitheroe": "BB",
  "Colne": "BB",
  "Nelson": "BB",
  "Bradford": "BD",
  "Bingley": "BD",
  "Shipley": "BD",
  "Cleckheaton": "BD",
  "Keighley": "BD",
  "Skipton": "BD",
  "Settle": "BD",
  "Bournemouth ": "BH",
  "Poole": "BH",
  "Broadstone": "BH",
  "Swanage": "BH",
  "Wareham": "BH",
  "Wimborne": "BH",
  "Ferndown": "BH",
  "Christchurch": "BH",
  "Ringwood": "BH",
  "New Milton": "BH",
  "Verwood": "BH",
  "Bury": "BL",
  "Bolton": "BL",
  "Brighton": "BN",
  "Peacehaven": "BN",
  "Worthing": "BN",
  "Lancing": "BN",
  "Littlehampton": "BN",
  "Arundel": "BN",
  "Eastbourne": "BN",
  "Pevensey": "BN",
  "Seaford": "BN",
  "Polegate": "BN",
  "Hailsham": "BN",
  "Hove": "BN",
  "Shoreham-by-Sea": "BN",
  "Steyning": "BN",
  "Henfield": "BN",
  "Hassocks": "BN",
  "Lewes": "BN",
  "Newhaven": "BN",
  "Bromley": "BR",
  "Keston": "BR",
  "Beckenham": "BR",
  "West Wickham": "BR",
  "Orpington": "BR",
  "Chislehurst": "BR",
  "Swanley": "BR",
  "Bristol": "BS",
  "Clevedon": "BS",
  "Weston-Super-Mare": "BS",
  "Winscombe": "BS",
  "Axbridge": "BS",
  "Cheddar": "BS",
  "Wedmore": "BS",
  "Banwell": "BS",
  "Belfast": "BT",
  "Holywood": "BT",
  "Bangor": "BT",
  "Donaghadee": "BT",
  "Newtownards": "BT",
  "Ballynahinch": "BT",
  "Dromore ": "BT",
  "Hillsborough": "BT",
  "Lisburn": "BT",
  "Crumlin": "BT",
  "Downpatrick": "BT",
  "Castlewellan": "BT",
  "Banbridge": "BT",
  "Newcastle": "ST",
  "Newry (South Down Section)": "BT",
  "Newry (South Arrmagh Section)": "BT",
  "Newtownabbey": "BT",
  "Carrickfergus": "BT",
  "Ballyclare": "BT",
  "Larne": "BT",
  "Antrim": "BT",
  "Ballymena": "BT",
  "Magherafelt": "BT",
  "Maghera": "BT",
  "Londonderry": "BT",
  "Limavady": "BT",
  "Coleraine": "BT",
  "Ballymoney": "BT",
  "Ballycastle": "BT",
  "Portstewart": "BT",
  "Portrush": "BT",
  "Bushmills": "BT",
  "Armagh": "BT",
  "Craigavon": "BT",
  "Dungannon": "BT",
  "Enniskillen": "BT",
  "Fivemiletown": "BT",
  "Clogher": "BT",
  "Augher": "BT",
  "Omagh": "BT",
  "Cookstown": "BT",
  "Castlederg": "BT",
  "Strabane": "BT",
  "Carlisle": "CA",
  "Penrith": "CA",
  "Keswick": "CA",
  "Cockermouth": "CA",
  "Workington": "CA",
  "Maryport": "CA",
  "Appleby-in-Westmorland": "CA",
  "Kirkby Stephen": "CA",
  "Ravenglass": "CA",
  "Holmrook": "CA",
  "Seascale": "CA",
  "Beckermet": "CA",
  "Egremont": "CA",
  "Cleator": "CA",
  "Moor Row": "CA",
  "Cleator Moor": "CA",
  "Frizington": "CA",
  "St Bees": "CA",
  "Whitehaven": "CA",
  "Wigton": "CA",
  "Brampton": "CA",
  "Alston": "CA",
  "Cambridge": "CB",
  "Ely": "CB",
  "Newmarket": "CB",
  "Haverhill": "CB",
  "Cardiff": "CF",
  "Bridgend": "CF",
  "Maesteg": "CF",
  "Porthcawl": "CF",
  "Pontypridd": "CF",
  "Porth": "CF",
  "Tonypandy": "CF",
  "Pentre": "CF",
  "Treorchy": "CF",
  "Ferndale": "CF",
  "Aberdare": "CF",
  "Mountain Ash": "CF",
  "Treharris": "CF",
  "Merthyr Tydfil": "CF",
  "Llantwit Major": "CF",
  "Barry": "CF",
  "Penarth; Dinas Powys": "CF",
  "Cowbridge": "CF",
  "Pontyclun": "CF",
  "Bargoed": "CF",
  "Hengoed": "CF",
  "Caerphilly": "CF",
  "Chester": "CH",
  "Birkenhead": "CH",
  "Prenton": "CH",
  "Wallasey": "CH",
  "Wirral": "CH",
  "Deeside": "CH",
  "Bagillt, Flint": "CH",
  "Neston": "CH",
  "Ellesmere Port": "CH",
  "Buckley, Mold": "CH",
  "Holywell": "CH",
  "Southminster, Burnham-on-Crouch": "CM",
  "Chelmsford": "CM",
  "Billericay": "CM",
  "Brentwood": "CM",
  "Epping": "CM",
  "Harlow": "CM",
  "Sawbridgeworth": "CM",
  "Bishop's Stortford": "CM",
  "Stanstaead": "CM",
  "Ingatestone": "CM",
  "Ongar": "CM",
  "Dunmow": "CM",
  "Braintree": "CM",
  "Witham": "CM",
  "Maldon": "CM",
  "Colchester": "CO",
  "Sudbury": "CO",
  "Manningtree": "CO",
  "Harwich": "CO",
  "Frinton-on-Sea": "CO",
  "Walton-on-the-Naze": "CO",
  "Clacton-on-Sea": "CO",
  "Bures": "CO",
  "Halstead": "CO",
  "Croydon": "CR",
  "South Croydon": "CR",
  "Whyteleafe": "CR",
  "Caterham": "CR",
  "Mitcham": "CR",
  "Coulsdon": "CR",
  "Warlingham": "CR",
  "Thornton Heath": "CR",
  "Kenley": "CR",
  "Purley": "CR",
  "Canterbury": "CT",
  "Broadstairs": "CT",
  "Ramsgate": "CT",
  "Sandwich": "CT",
  "Deal": "CT",
  "Dover": "CT",
  "Folkstone": "CT",
  "Hythe": "CT",
  "Whitstable": "CT",
  "Herne Bay": "CT",
  "Birchington": "CT",
  "Westgate-on-Sea": "CT",
  "Margate": "CT",
  "Coventry": "CV",
  "Nuneaton": "CV",
  "Bedworth": "CV",
  "Rugby": "CV",
  "Leamington Spa": "CV",
  "Warwick": "CV",
  "Shipston-on-Stour": "CV",
  "Stratford-upon-Avon": "CV",
  "Southam": "CV",
  "Kenilworth": "CV",
  "Atherstone": "CV",
  "Crewe": "CW",
  "Middlewich": "CW",
  "Sandbach ": "CW",
  "Congleton": "CW",
  "Nantwich": "CW",
  "Tarporley": "CW",
  "Winsford": "CW",
  "Northwich": "CW",
  "Dartford": "DA",
  "Swanscombe": "DA",
  "Gravesend": "DA",
  "Sidcup": "DA",
  "Welling": "DA",
  "Belvedere": "DA",
  "Bexley": "DA",
  "Bexleyheath": "DA",
  "Erith": "DA",
  "Greenhithe": "DA",
  "Dundee": "DD",
  "Montrose": "DD",
  "Arbroath": "DD",
  "Newport-on-Tay": "DD",
  "Tayport": "DD",
  "Carnoustie": "DD",
  "Kirriemuir": "DD",
  "Brechin": "DD",
  "Derby": "DE",
  "Swandlincote": "DE",
  "Burton-on-Trent": "DE",
  "Matlock": "DE",
  "Bakewell": "DE",
  "Ripley": "DE",
  "Alfreton": "DE",
  "Belper": "DE",
  "Ashbourne": "DE",
  "Heanor": "DE",
  "Dumfries (Dumfries and Galloway)": "DG",
  "Moffat": "DG",
  "Lockerbie": "DG",
  "Annan": "DG",
  "Langholm": "DG",
  "Canonbie": "DG",
  "Gretna": "DG",
  "Dumfries": "DG",
  "Thownhill": "DG",
  "Sanquhar": "DG",
  "Dalbeattie": "DG",
  "Kirkcudbright": "DG",
  "Castle Douglas": "DG",
  "Newton Stewart": "DG",
  "Durham": "DH",
  "Chester Le Street": "DH",
  "Houghton-le-Spring": "DH",
  "Consett, Durham, Stanley": "DH",
  "Stanley": "DH",
  "Darlington": "DL",
  "Richmond": "TW",
  "Barnard Castle": "DL",
  "Bishop Auckland": "DL",
  "Crook": "DL",
  "Ferryhill": "DL",
  "Spennymoor": "DL",
  "Shildon": "DL",
  "Newton Aycliffe": "DL",
  "Northallerton": "DL",
  "Bedale": "DL",
  "Hawes": "DL",
  "Leyburn": "DL",
  "Catterick Garrison": "DL",
  "Doncaster": "DN",
  "Goole": "DN",
  "Scunthorpe": "DN",
  "Barton-upon-Humber": "DN",
  "Barrow upon Humber": "DN",
  "Brigg": "DN",
  "Gainsborough": "DN",
  "Retford": "DN",
  "Grimsby": "DN",
  "Cleethorpes": "DN",
  "Barnetby": "DN",
  "Ulceby": "DN",
  "Immingham": "DN",
  "Dorchester": "DT",
  "Sturminster Newton": "DT",
  "Blandford Forum": "DT",
  "Weymouth": "DT",
  "Portland ": "DT",
  "Bridport": "DT",
  "Lyme Regis": "DT",
  "Beaminster": "DT",
  "Sherborne": "DT",
  "Dudley": "DY",
  "Kidderminster": "DY",
  "Bewdley": "DY",
  "Stourport-on-Severn": "DY",
  "Tipton": "DY",
  "Brierley Hill": "DY",
  "Kingswinford": "DY",
  "Stourbridge": "DY",
  "London": "WC",
  "Edinburgh": "EH",
  "Balerno, Currie, Edinburghh, Juniper Green": "EH",
  "Lasswade": "EH",
  "Bonnyrigg": "EH",
  "Musselburgh": "EH",
  "Dalkeith": "EH",
  "Gorebridge": "EH",
  "Rosewell": "EH",
  "Roslin": "EH",
  "Penicuik": "EH",
  "Kirknewton": "EH",
  "Newbridge": "EH",
  "Kirkliston": "EH",
  "South Queensferry": "EH",
  "Gullane": "EH",
  "Longniddry, Prestonpans": "EH",
  "Tranent": "EH",
  "Pathhead": "EH",
  "Heriot": "EH",
  "North Berwick": "EH",
  "East Linton": "EH",
  "Haddington": "EH",
  "Dunbar": "EH",
  "Walkerburn": "EH",
  "Innerleithen": "EH",
  "Peebles": "EH",
  "West Linton": "EH",
  "Bathgate": "EH",
  "Linlithgow": "EH",
  "Boness": "EH",
  "Broxburn": "EH",
  "Livingston": "EH",
  "West Calder": "EH",
  "Enfield": "EN",
  "Broxbourne": "EN",
  "Hoddesdon": "EN",
  "Potters Bar": "EN",
  "Watham Cross": "EN",
  "Waltham Abbey": "EN",
  "Exeter": "EX",
  "Sidmouth": "EX",
  "Ottery St Mary": "EX",
  "Seaton": "EX",
  "Axminster": "EX",
  "Honiton": "EX",
  "Cullompton": "EX",
  "Tiverton": "EX",
  "Crediton": "EX",
  "Chulmleigh": "EX",
  "Winkleigh": "EX",
  "North Tawton, Okehampton": "EX",
  "Beaworthy": "EX",
  "Holsworthy": "EX",
  "Bude": "EX",
  "Colyton": "EX",
  "Barnstaple": "EX",
  "Braunton": "EX",
  "Ilfreacombe, Woolacombe": "EX",
  "Lynmouth, Lynton": "EX",
  "South Molton": "EX",
  "Umberleigh": "EX",
  "Torrington": "EX",
  "Bideford": "EX",
  "Dawlish": "EX",
  "Exmouth": "EX",
  "Budleigh Salterton": "EX",
  "Falkirk": "FK",
  "Alloa": "FK",
  "Clackmannan": "FK",
  "Menstrie": "FK",
  "Alva": "FK",
  "Tillicoultry": "FK",
  "Dollar": "FK",
  "Dunblane": "FK",
  "Doune": "FK",
  "Callander": "FK",
  "Lochearnhead": "FK",
  "Crianlarich": "FK",
  "Killin": "FK",
  "Grangemouth": "FK",
  "Bonnybridge": "FK",
  "Larbert": "FK",
  "Denny": "FK",
  "Stirling": "FK",
  "Blackpool": "FY",
  "Thornton-Cleveleys": "FY",
  "Poulton-le-Fylde": "FY",
  "Fleetwood": "FY",
  "Lytham St Anne's": "FY",
  "Glasgow": "G",
  "Clydebank": "G",
  "Dumbarton": "G",
  "Alexandria": "G",
  "Helensburgh": "G",
  "Gloucester": "GL",
  "Stonehouse": "GL",
  "Dursley": "GL",
  "Wotton-under-Edge": "GL",
  "Berkeley": "GL",
  "Cinderford": "GL",
  "Newnham": "GL",
  "Westbury-on-Severn": "GL",
  "Lydney, Blakeney": "GL",
  "Coleford": "GL",
  "Longhope": "GL",
  "Mitcheldean": "GL",
  "Drybrook": "GL",
  "Lydbrook": "GL",
  "Ruardean ": "GL",
  "Newent, Dymock": "GL",
  "Tewkesbury": "GL",
  "Stroud": "GL",
  "Cheltenham": "GL",
  "Chipping Campden": "GL",
  "Moreton-in-Marsh": "GL",
  "Cirencester, Fairford, Lechlade": "GL",
  "Tetbury": "GL",
  "Badminton": "GL",
  "Guildford": "GU",
  "Farnham": "GU",
  "Aldershot": "GU",
  "Farnboroug": "GU",
  "Camberley": "GU",
  "Lightwater": "GU",
  "Bagshot": "GU",
  "Windlesham": "GU",
  "Woking": "GU",
  "Virginia Water": "GU",
  "Hindhead": "GU",
  "Haslemere": "GU",
  "Petworth": "GU",
  "Midhurst": "GU",
  "Liphook": "GU",
  "Petersfield": "GU",
  "Liss": "GU",
  "Alton": "GU",
  "Bordon": "GU",
  "Yateley": "GU",
  "Sandhurst": "GU",
  "Fleet": "GU",
  "Cranleigh": "GU",
  "Godalming": "GU",
  "Wembley": "HA",
  "Harrow": "HA",
  "Ruislip": "HA",
  "Pinner": "HA",
  "Northwood": "HA",
  "Stanmore": "HA",
  "Edgware": "HA",
  "Huddersfield": "HD",
  "Brighouse": "HD",
  "Holmfirth": "HD",
  "Harrogate": "HG",
  "Ripon": "HG",
  "Knaresborough": "HG",
  "Hemel Hempstead": "HP",
  "High Wycombe": "HP",
  "Great Missenden": "HP",
  "Aylesbury": "HP",
  "Tring": "HP",
  "Princes Risborough": "HP",
  "Berkhamsted": "HP",
  "Chesham": "HP",
  "Amersham": "HP",
  "Chalfont St. Giles": "HP",
  "Beaconsfield": "HP",
  "Hereford": "HR",
  "Kington": "HR",
  "Leominster": "HR",
  "Bromyard": "HR",
  "Ledbury": "HR",
  "Ross-on-Wye": "HR",
  "Stornoway": "HS",
  "Isle of Lewis": "HS",
  "Isle of Harris": "HS",
  "Isle of Scalpay": "HS",
  "Isle of North Uist": "HS",
  "Isle of Benbecula": "HS",
  "Isle of South Uist": "HS",
  "Isle of Barra": "HS",
  "Hull": "HU",
  "Hessle": "HU",
  "North Ferriby": "HU",
  "Brough": "HU",
  "Cottingham": "HU",
  "Beverley": "HU",
  "Hornsea": "HU",
  "Withernsea": "HU",
  "Halifax": "HX",
  "Elland": "HX",
  "Sowerby Bridge": "HX",
  "Hebden Bridge": "HX",
  "Ilford ": "IG",
  "Loughton": "IG",
  "Barking": "IG",
  "Chigwell": "IG",
  "Woodford Green": "IG",
  "Buckhurst Hill": "IG",
  "Douglas": "IM",
  "Onchan": "IM",
  "Middle region": "IM",
  "North Region": "IM",
  "South Region": "IM",
  "Isle of Man": "IM",
  "Ipswich": "IP",
  "Felixstowe": "IP",
  "Woodbridge": "IP",
  "Stowmarket": "IP",
  "Aldeburgh": "IP",
  "Leiston": "IP",
  "Saxmundham": "IP",
  "Southwold": "IP",
  "Halesworth": "IP",
  "Harleston": "IP",
  "Diss, Eye": "IP",
  "Diss": "IP",
  "Eye": "IP",
  "Thetford": "IP",
  "Brandon": "IP",
  "Bury St. Edmunds": "IP",
  "Inverness": "IV",
  "Fortrose": "IV",
  "Cromarty": "IV",
  "Nairn": "IV",
  "Strathpeffer": "IV",
  "Dingwall": "IV",
  "Alness": "IV",
  "Invergordon": "IV",
  "Tain": "IV",
  "Gairloch": "IV",
  "Achnasheen": "IV",
  "Garve": "IV",
  "Ardgay": "IV",
  "Dornoch": "IV",
  "Ullapool": "IV",
  "Lairg": "IV",
  "Rogart": "IV",
  "Elgin": "IV",
  "Lossiemouth": "IV",
  "Fochabers": "IV",
  "Forres": "IV",
  "Kyle": "IV",
  "Isle of Skye": "IV",
  "Portree": "IV",
  "Plockton": "IV",
  "Strome Ferry": "IV",
  "Strathcarron": "IV",
  "Muir of Ord": "IV",
  "Munlochy": "IV",
  "Avoch": "IV",
  "Kilmarnock (Ayr)": "KA",
  "Kingston upon Thames": "KT",
  "Esher": "KT",
  "Cobham": "KT",
  "Walton-on-Thames": "KT",
  "Weybridge": "KT",
  "West Byfleet": "KT",
  "Addlestone": "KT",
  "Chertsey": "KT",
  "Epsom": "KT",
  "Tadworth": "KT",
  "Ashtead": "KT",
  "Leatherhead": "KT",
  "New Malden": "KT",
  "Worcester Park": "KT",
  "Surbiton": "KT",
  "Thames Ditton": "KT",
  "East Molesey, West Molesey": "KT",
  "Chessington": "KT",
  "Wick": "KW",
  "Golspie": "KW",
  "Kinbrace": "KW",
  "Halkirk": "KW",
  "Forsinard": "KW",
  "Thurso": "KW",
  "Kirkwall": "KW",
  "Stromness": "KW",
  "Orkney": "KW",
  "Lybster": "KW",
  "Latheron": "KW",
  "Dunbeath": "KW",
  "Berriedale": "KW",
  "Helmsdale": "KW",
  "Brora": "KW",
  "Kirkcaldy": "KY",
  "Anstruther": "KY",
  "Dunfermline, Inverkeithing": "KY",
  "Dunfermline": "KY",
  "Kinross": "KY",
  "Cupar": "KY",
  "St. Andrews": "KY",
  "Burntisland": "KY",
  "Cowdenbeath, Kelty": "KY",
  "Lochgelly": "KY",
  "Glenrothes": "KY",
  "Leven": "KY",
  "Liverpool": "L",
  "Liverpool, Bootle": "L",
  "Bootle": "L",
  "Prescot": "L",
  "Ormskirk": "L",
  "Lancaster": "LA",
  "Sedbergh": "LA",
  "Grange-over-Sand": "LA",
  "Ulverston": "LA",
  "Barrow-in-Furness": "LA",
  "Dalton-in-Furness": "LA",
  "Askam in Furness": "LA",
  "Kirkby-in-Furness": "LA",
  "Millom": "LA",
  "Broughton in Furness": "LA",
  "Coniston": "LA",
  "Ambleside": "LA",
  "Windermere": "LA",
  "Morecambe": "LA",
  "Carnforth": "LA",
  "Milnthorpe": "LA",
  "Kendal": "LA",
  "Llandrindod Wells": "LD",
  "Builth Wells": "LD",
  "Brecon": "LD",
  "Llangammarch Wells": "LD",
  "Llanwrtyd Wells": "LD",
  "Rhayader": "LD",
  "Knighton": "LD",
  "Presteigne": "LD",
  "Leicester": "LE",
  "Llandudno": "LL",
  "Lincoln": "LN",
  "Leeds": "LS",
  "Wetherby": "LS",
  "Tadcaster": "LS",
  "Pudsey": "LS",
  "Ilkley": "LS",
  "Luton": "LU",
  "Dunstable": "LU",
  "Leighton Buzzard": "LU",
  "Manchester": "M",
  "Sale": "M",
  "Salford": "M",
  "Rochester": "ME",
  "Sittingbourne": "ME",
  "Queenborough": "ME",
  "Sheerness": "ME",
  "Faversham": "ME",
  "Maidstone": "ME",
  "West Malling": "ME",
  "Aylesford": "ME",
  "Chatham": "ME",
  "Snodland": "ME",
  "Gillingham": "SP",
  "Milton Keynes": "MK",
  "Newport Pagnell": "MK",
  "Buckingham": "MK",
  "Bedford": "MK",
  "Olney": "MK",
  "Motherwell": "ML",
  "Strathaven": "ML",
  "Lanark": "ML",
  "Biggar": "ML",
  "Wishaw": "ML",
  "Hamilton": "ML",
  "Bellshill": "ML",
  "Coatbridge": "ML",
  "Newcastle upon Tyne": "NE",
  "Gateshead": "NE",
  "Blaydon-on-Tyne": "NE",
  "Bedlington": "NE",
  "Cramlington": "NE",
  "Blyth": "NE",
  "Whitley Bay": "NE",
  "Wallsend": "NE",
  "North Shields": "NE",
  "Hebburn": "NE",
  "Jarrow": "NE",
  "South Shields": "NE",
  "Boldon Colliery": "NE",
  "East Boldon": "NE",
  "Washington": "NE",
  "Rowlands Gill": "NE",
  "Ryton": "NE",
  "Wylam": "NE",
  "Prudhoe": "NE",
  "Stocksfield": "NE",
  "Riding Mill": "NE",
  "Corbridge": "NE",
  "Hexham": "NE",
  "Haltwhistle": "NE",
  "Morpeth": "NE",
  "Choppington": "NE",
  "Ashington": "NE",
  "Newbiggin-by-the-Sea": "NE",
  "Alnwick": "NE",
  "Chathill": "NE",
  "Seahouses": "NE",
  "Bamburgh": "NE",
  "Belford": "NE",
  "Wooler": "NE",
  "Nottingham": "NN",
  "Nottingham, Sutton-in-Ashfield": "NG",
  "Mansfield": "NG",
  "Newark": "NG",
  "Southwell": "NG",
  "Grantham": "NG",
  "Sleaford": "NG",
  "Rushden": "NN",
  "Daventry": "NN",
  "Towcester": "NN",
  "Brackley": "NN",
  "Kettering": "NN",
  "Corby": "NN",
  "Northampton": "NN",
  "Wellingborough": "NN",
  "Newport": "TF",
  "Blackwood": "NP",
  "Abertillery": "NP",
  "Usk": "NP",
  "Chepstow": "NP",
  "Tredegar": "NP",
  "Ebbw Vale": "NP",
  "New Tredegar": "NP",
  "Monmouth": "NP",
  "Caldicot": "NP",
  "Pontypool": "NP",
  "Cwmbr�n": "NP",
  "Abergavenny": "NP",
  "Crickhowell": "NP",
  "Norwich": "NR",
  "Attleborough": "NR",
  "Norwich, Wymondham": "NR",
  "Norwich, Dereham": "NR",
  "Dereham": "NR",
  "Fakenham": "NR",
  "Walsingham": "NR",
  "Wells-next-the-Sea": "NR",
  "Melton Constable": "NR",
  "Holt": "NR",
  "Sheringham": "NR",
  "Cromer": "NR",
  "North Walsham": "NR",
  "Great Yarmouth": "NR",
  "Lowestoft": "NR",
  "Beccles": "NR",
  "Bungay": "NR",
  "Oldham": "OL",
  "Heywood": "OL",
  "Rochdale": "OL",
  "Bacup": "OL",
  "Todmorden": "OL",
  "Littleborough": "OL",
  "Ashton-Under-Lyne": "OL",
  "Oxford": "OX",
  "Wallingford": "OX",
  "Didcot": "OX",
  "Wantage": "OX",
  "Abingdon": "OX",
  "Banbury": "OX",
  "Bampton, Burford, Carterton": "OX",
  "Woodstock": "OX",
  "Bicester": "OX",
  "Witney": "OX",
  "Chinnor": "OX",
  "Watlington": "OX",
  "Chipping Norton": "OX",
  "Thame": "OX",
  "Paisley": "PA",
  "Johnstone": "PA",
  "Bridge of Weir": "PA",
  "Lochwinnoch": "PA",
  "Kilmacolm": "PA",
  "Port Glasgow": "PA",
  "Greenock": "PA",
  "Skelmorlie": "PA",
  "Wemyss Bay": "PA",
  "Gourock": "PA",
  "Isle of Pute": "PA",
  "Tighnabruaich": "PA",
  "Colintraive": "PA",
  "Dunoon": "PA",
  "Cairndow": "PA",
  "Campbeltown": "PA",
  "Tarbert": "PA",
  "Lochgilphead": "PA",
  "Inveraray": "PA",
  "Dalmally": "PA",
  "Oban": "PA",
  "Taynuilt": "PA",
  "Bridge of Orchy": "PA",
  "Appin": "PA",
  "Renfrew": "PA",
  "Isle of Gigha": "PA",
  "Isle of Islay": "PA",
  "Isle of Jura": "PA",
  "Isle of Colonsay": "PA",
  "Isle of Mull": "PA",
  "Bishopton": "PA",
  "Isle of Iona": "PA",
  "Isle of Tiree": "PA",
  "Isle of Coll": "PA",
  "Erskine": "PA",
  "Peterborough": "PE",
  "Bourne": "PE",
  "Spalding": "PE",
  "Wisbech": "PE",
  "March": "PE",
  "April": "PE",
  "May": "PE",
  "June": "PE",
  "July": "PE",
  "August": "PE",
  "September": "PE",
  "October": "PE",
  "November": "PE",
  "December": "PE",
  "January": "PE",
  "February": "PE",
  "Chatteris": "PE",
  "St Neots": "PE",
  "Boston": "PE",
  "Spilsby": "PE",
  "Skegness": "PE",
  "Huntingdon": "PE",
  "St Ives": "TR",
  "King's Lynn": "PE",
  "Sandringham": "PE",
  "Hunstanton": "PE",
  "Swaffham": "PE",
  "Downham Market": "PE",
  "Perth": "PH",
  "Blairgowrie": "PH",
  "Aberfeldy": "PH",
  "Pitlochry": "PH",
  "Dalwhinnie": "PH",
  "Newtonmore": "PH",
  "Kingussie": "PH",
  "Aviemore": "PH",
  "Carrbridge": "PH",
  "Boat of Garten": "PH",
  "Nethy Bridge": "PH",
  "Grantown-on-Spey": "PH",
  "Auchterarder": "PH",
  "Roy Bridge": "PH",
  "Fort Augustus": "PH",
  "Fort William": "PH",
  "Spean Bridge": "PH",
  "Invergarry": "PH",
  "Acharacle": "PH",
  "Glenfinnan": "PH",
  "Lochailort": "PH",
  "Arisaig": "PH",
  "Auchrerarder": "PH",
  "Mallaig": "PH",
  "Isle of Eigg": "PH",
  "Isle of Rum": "PH",
  "Isle of Canna": "PH",
  "Ballachulish": "PH",
  "Crieff": "PH",
  "Kinlochleven": "PH",
  "Dunkeld": "PH",
  "Plymouth": "PL",
  "Torpoint": "PL",
  "Saltash": "PL",
  "Looe": "PL",
  "Liskeard": "PL",
  "Launceston": "PL",
  "Lifton": "PL",
  "Callington": "PL",
  "Calstock": "PL",
  "Tavistock": "PL",
  "Yelverton": "PL",
  "Ivybridge": "PL",
  "Lostwithiel": "PL",
  "Fowey": "PL",
  "Par": "PL",
  "St Austell": "PL",
  "Wadebridge": "PL",
  "Padstow": "PL",
  "Port Isaac": "PL",
  "Bodmin": "PL",
  "Camelford": "PL",
  "Delabole": "PL",
  "Tintagel": "PL",
  "Boscastle": "PL",
  "Portsmouth": "PO",
  "Emsworth": "PO",
  "Hayling Island": "PO",
  "Gosport": "PO",
  "Gossport, Lee-on-the-Solent": "PO",
  "Fareham": "PO",
  "Chichester": "PO",
  "Bognor Regis": "PO",
  "Cowes": "PO",
  "East Cowes": "PO",
  "Ryde": "PO",
  "Seaview": "PO",
  "Bembridge": "PO",
  "Sandown": "PO",
  "Shanklin": "PO",
  "Ventnor": "PO",
  "Totland Bay": "PO",
  "Southsea": "PO",
  "Freshwater": "PO",
  "Yarmouth": "PO",
  "Waterlooville": "PO",
  "Havant, Rowland's Castle": "PO",
  "Preston": "PR",
  "Leyland": "PR",
  "Chorley": "PR",
  "Southport": "PR",
  "Reading": "RG",
  "Bracknell": "RG",
  "Newbury": "RG",
  "Hungerford": "RG",
  "Thatcham": "RG",
  "Basingstoke": "RG",
  "Tadley": "RG",
  "Hook": "RG",
  "Whitchurch": "SY",
  "Wokingham": "RG",
  "Crowthorne": "RG",
  "Henley-on-Thames": "RG",
  "Redhill": "RH",
  "Crawley": "RH",
  "Horsham": "RH",
  "Billingshurst": "RH",
  "Burgess Hill": "RH",
  "Haywards Heath": "RH",
  "Forest Row": "RH",
  "East Grinstead": "RH",
  "Reigate": "RH",
  "Pulborough": "RH",
  "Betchworth": "RH",
  "Dorking": "RH",
  "Gatwick, Horley": "RH",
  "Lingfield": "RH",
  "Oxted": "RH",
  "Godstone": "RH",
  "Romford": "RM",
  "Dagenham": "RM",
  "Hornchurch": "RM",
  "Rainham": "RM",
  "Upminster": "RM",
  "South Ockendon": "RM",
  "Grays": "RM",
  "Tilbury": "RM",
  "Purfleet": "RM",
  "Gidea Park": "RM",
  "Sheffield": "S",
  "Dronfield": "S",
  "Hope Valley": "S",
  "Chesterfield": "S",
  "Rotherham": "S",
  "Barnsley": "S",
  "Worksop": "S",
  "Swansea": "SA",
  "Neath": "SA",
  "Port Talbot": "SA",
  "Llanelli": "SA",
  "Burry Port": "SA",
  "Ferryside, Kidwelly": "SA",
  "Ammanford": "SA",
  "Llandeilo, Llangadog, Llanwrda": "SA",
  "Llandovery": "SA",
  "Carmarthen": "SA",
  "Whitland": "SA",
  "Llanfyrnach": "SA",
  "Glogue": "SA",
  "Boncath": "SA",
  "Newcastle Emlyn": "SA",
  "Pencader": "SA",
  "Llanybydder": "SA",
  "Crymych": "SA",
  "Cardigan": "SA",
  "Llandysul": "SA",
  "New Quay": "SA",
  "Aberaeron": "SA",
  "Llanarth": "SA",
  "Lampeter": "SA",
  "Haverfordwest": "SA",
  "Clarbeston Road": "SA",
  "Goodwick": "SA",
  "Fishguard": "SA",
  "Clynderwen": "SA",
  "Narberth": "SA",
  "Kilgetty": "SA",
  "Saundersfoot": "SA",
  "Tenby": "SA",
  "Pembroke": "SA",
  "Milford Haven": "SA",
  "Stevenage": "SG",
  "Much Hadham": "SG",
  "Ware": "SG",
  "Hertford": "SG",
  "Arlesey": "SG",
  "Henlow": "SG",
  "Shefford": "SG",
  "Biggleswade": "SG",
  "Sandy": "SG",
  "Knebworth": "SG",
  "Hitchin": "SG",
  "Hitchin, Letchworth, Garden City": "SG",
  "Baldock": "SG",
  "Royston": "SG",
  "Buntingford": "SG",
  "Stockport": "SK",
  "Macclesfield": "SK",
  "Glossop": "SK",
  "Hyde": "SK",
  "Stalybridge": "SK",
  "Dukinfield": "SK",
  "Buxton": "SK",
  "High Peak": "SK",
  "Cheadle": "SK",
  "Wilmslow, Alderley Edge": "SK",
  "Iver": "SL",
  "Slough": "SL",
  "Windsor": "SL",
  "Ascot": "SL",
  "Maidenhead": "SL",
  "Marlow": "SL",
  "Bourne End": "SL",
  "Gerrards Cross": "SL",
  "Sutton": "SM",
  "Morden": "SM",
  "Carshalton": "SM",
  "Wallington": "SM",
  "Banstead": "SM",
  "Swindon": "SN",
  "Devizes": "SN",
  "Calne": "SN",
  "Melksham": "SN",
  "Corsham": "SN",
  "Chippenham": "SN",
  "Malmesbury": "SN",
  "Faringdon": "SN",
  "Marlborough": "SN",
  "Pewsey": "SN",
  "Southampton": "SO",
  "Stockbridge": "SO",
  "Winchester": "SO",
  "Alresford": "SO",
  "Southampton, Lyndhurst": "SO",
  "Lymington": "SO",
  "Brockenhurst": "SO",
  "Lyndhurst": "SO",
  "Eastleigh": "SO",
  "Romsey": "SO",
  "Salisbury": "SP",
  "Andover": "SP",
  "Fordingbridge": "SP",
  "Shaftesbury": "SP",
  "Tidworth": "SP",
  "Sunderland": "SR",
  "Seaham": "SR",
  "Peterlee": "SR",
  "Westcliff-on-Sea": "SS",
  "Wickford": "SS",
  "Basildon": "SS",
  "Stanford-le-Hope": "SS",
  "Southend-on-Sea": "SS",
  "Rochford": "SS",
  "Hockley": "SS",
  "Rayleigh": "SS",
  "Benfleet": "SS",
  "Canvey Island": "SS",
  "Leigh-on-Sea": "SS",
  "Stoke-on-Trent": "ST",
  "Leek": "ST",
  "Uttoxeter": "ST",
  "Stone": "ST",
  "Stafford": "ST",
  "Shrewsbury": "SY",
  "Oswestry": "SY",
  "Ellesmere": "SY",
  "Malpas": "SY",
  "Montgomery": "SY",
  "Newtown": "SY",
  "Caersws, Llandinam": "SY",
  "Llanidloes": "SY",
  "Llanbrynmair": "SY",
  "Machynlleth": "SY",
  "Welshpool": "SY",
  "Llanfechain, Llanfyllin, Llansanffraid, Llanymynech, Meifod": "SY",
  "Aberystwyth, Llanon, Llanrhystud": "SY",
  "Borth, Bow Street, Talybont": "SY",
  "Ystrad Meurig, Tregaron": "SY",
  "Church Stretton": "SY",
  "Bucknell, Craven Arms, Lydbury North": "SY",
  "Ludlow": "SY",
  "Bishop's Castle": "SY",
  "Taunton": "TA",
  "Langport": "TA",
  "Sommerton": "TA",
  "Martock": "TA",
  "South Petherton": "TA",
  "Stoke sub Hamdon": "TA",
  "Montacute": "TA",
  "Merriott": "TA",
  "Hinton St George": "TA",
  "Crewkerne": "TA",
  "Ilminster": "TA",
  "Chard": "TA",
  "Wellington": "TA",
  "Dulverton": "TA",
  "Watchet": "TA",
  "Minehead": "TA",
  "Bridgwater": "TA",
  "Burnham-on-Sea": "TA",
  "Highbridge": "TA",
  "Galashiels": "TD",
  "Duns": "TD",
  "Coldstream, Cornhill-on-Tweed, Mindrum": "TD",
  "Cockburnspath": "TD",
  "Eyemouth": "TD",
  "Berwick-upon-Tweed": "TD",
  "Lauder": "TD",
  "Gordon": "TD",
  "Earlston": "TD",
  "Kelso": "TD",
  "Melrose": "TD",
  "Selkirk": "TD",
  "Jedburgh": "TD",
  "Hawick, Newcastleton": "TD",
  "Telford": "TF",
  "Shifnal": "TF",
  "Broseley": "TF",
  "Much Wenlock": "TF",
  "Market Drayton+F46710": "TF",
  "Market Drayton": "TF",
  "Tunbridge Wells": "TN",
  "Tonbridge": "TN",
  "Sevenoaks": "TN",
  "Westerham": "TN",
  "Cranbrook": "TN",
  "Etchingham": "TN",
  "Wadhurst": "TN",
  "Mayfield": "TN",
  "Heathfield": "TN",
  "Uckfield": "TN",
  "Ashford": "TW",
  "New Romney": "TN",
  "Romney Marsh": "TN",
  "Tenterden": "TN",
  "Rye": "TN",
  "Robertsbridge": "TN",
  "Battle": "TN",
  "Hastings": "TN",
  "Winchelsea": "TN",
  "St Leonards-on-Sea": "TN",
  "Bexhill-on-Sea": "TN",
  "Crowborough": "TN",
  "Hartfield": "TN",
  "Edenbridge": "TN",
  "Torquay": "TQ",
  "South Brent": "TQ",
  "Buckfastleigh": "TQ",
  "Newton Abbot": "TQ",
  "Teignmouth": "TQ",
  "Paignton": "TQ",
  "Brixham": "TQ",
  "Dartmouth": "TQ",
  "Kingsbridge": "TQ",
  "Salcombe": "TQ",
  "Totnes": "TQ",
  "Truro": "TR",
  "Penryn": "TR",
  "Falmouth": "TR",
  "Helston": "TR",
  "Camborne": "TR",
  "Redruth": "TR",
  "Marazion": "TR",
  "Penzance": "TR",
  "Isles of Scilly": "TR",
  "Hayle": "TR",
  "St Agnes": "TR",
  "Perranporth": "TR",
  "Newquay": "TR",
  "St. Columb": "TR",
  "Middlesbrough": "TS",
  "Redcar": "TS",
  "Saltburn-by-the-Sea": "TS",
  "Guisborough": "TS",
  "Yarm": "TS",
  "Stockton-on-Tees": "TS",
  "Billingham": "TS",
  "Hartlepool": "TS",
  "Wingate": "TS",
  "Trimdon Station": "TS",
  "Twickenham": "TW",
  "Teddington": "TW",
  "Hampton": "TW",
  "Feltham": "TW",
  "Sunbury-on-Thames": "TW",
  "Shepperton": "TW",
  "Staines-upon-Thames": "TW",
  "Egham": "TW",
  "Hounslow": "TW",
  "Isleworth": "TW",
  "Brentford": "TW",
  "Southall": "UB",
  "Uxbridge": "UB",
  "Northolt": "UB",
  "Greenford": "UB",
  "West Drayton": "UB",
  "Warrington": "WA",
  "St Helens": "WA",
  "Newton-le-Willows": "WA",
  "Lymm": "WA",
  "Altrincham": "WA",
  "Knutsford": "WA",
  "Frodsham": "WA",
  "Runcorn": "WA",
  "Widnes": "WA",
  "St. Helens": "WA",
  "Watford": "WD",
  "Bushey": "WD",
  "Rickmansworth": "WD",
  "Kings Langley": "WD",
  "Abbots Langley": "WD",
  "Borehamwood": "WD",
  "Radlett": "WD",
  "Wakefield": "WF",
  "Castleford": "WF",
  "Knottingley": "WF",
  "Dewsbury": "WF",
  "Mirfield": "WF",
  "Liversedge": "WF",
  "Heckmondwike": "WF",
  "Batley": "WF",
  "Ossett": "WF",
  "Normanton": "WF",
  "Pontefract": "WF",
  "Wigan": "WN",
  "Leigh": "WN",
  "Wigan, Skelmersdale": "WN",
  "Worcester": "WR",
  "Pershore": "WR",
  "Evesham": "WR",
  "Broadway": "WR",
  "Malvern": "WR",
  "Tenbury Wells": "WR",
  "Droitwich": "WR",
  "Walsall": "WS",
  "Wednesbury": "WS",
  "Cannock": "WS",
  "Lichfield": "WS",
  "Rugeley": "WS",
  "Burntwood": "WS",
  "Wolverhampton": "WV",
  "Willenhall": "WV",
  "Bilston": "WV",
  "Bridgnorth": "WV",
  "York": "YO",
  "Scarborough": "YO",
  "Filey": "YO",
  "Bridlington": "YO",
  "Malton": "YO",
  "Pickering": "YO",
  "Whitby": "YO",
  "Driffield": "YO",
  "Thirsk": "YO",
  "Selby": "YO",
  "Shetland": "ZE"
}